{
  "8": {
    "MF": {
      "hr": 0.5923171939780106,
      "ndcg": 0.3309124785203043
    },
    "NCF": {
      "hr": 0.5705847102131667,
      "ndcg": 0.3153234033563126
    },
    "SASRec-NCF": {
      "hr": 0.564958968777135,
      "ndcg": 0.31080361576205096
    },
    "NeighborAware": {
      "hr": 0.5811513202147566,
      "ndcg": 0.323496745057481
    }
  },
  "16": {
    "MF": {
      "hr": 0.6063937774407768,
      "ndcg": 0.33810003046632486
    },
    "NCF": {
      "hr": 0.5759536243227708,
      "ndcg": 0.3194982509308099
    },
    "SASRec-NCF": {
      "hr": 0.5767485660474274,
      "ndcg": 0.32013982222892495
    },
    "NeighborAware": {
      "hr": 0.590519402693018,
      "ndcg": 0.3289484616160857
    }
  },
  "32": {
    "MF": {
      "hr": 0.611261266770213,
      "ndcg": 0.3412950079629108
    },
    "NCF": {
      "hr": 0.5864957745789866,
      "ndcg": 0.3253960068935793
    },
    "SASRec-NCF": {
      "hr": 0.5782283806425575,
      "ndcg": 0.3191953745778509
    },
    "NeighborAware": {
      "hr": 0.5913754937811098,
      "ndcg": 0.32835849265285694
    }
  },
  "64": {
    "MF": {
      "hr": 0.6094390157398462,
      "ndcg": 0.33992823263306876
    },
    "NCF": {
      "hr": 0.5807110447980236,
      "ndcg": 0.32285993919389444
    },
    "SASRec-NCF": {
      "hr": 0.5811635500874436,
      "ndcg": 0.3210055696239202
    },
    "NeighborAware": {
      "hr": 0.5868749006322844,
      "ndcg": 0.3266203163670478
    }
  }
}